﻿<?xml version="1.0"?>
<doc>
<assembly>
<name>
recibos
</name>
</assembly>
<members>
<member name="P:recibos.My.Resources.Resources.ResourceManager">
	<summary>
  Devuelve la instancia de ResourceManager almacenada en caché utilizada por esta clase.
</summary>
</member><member name="P:recibos.My.Resources.Resources.Culture">
	<summary>
  Reemplaza la propiedad CurrentUICulture del subproceso actual para todas las
  búsquedas de recursos mediante esta clase de recurso fuertemente tipado.
</summary>
</member><member name="P:recibos.My.Resources.Resources._1300210270_BuildingManagement">
	<summary>
  Busca un recurso adaptado de tipo System.Drawing.Bitmap.
</summary>
</member><member name="P:recibos.My.Resources.Resources._1358748081_3floppy_unmount">
	<summary>
  Busca un recurso adaptado de tipo System.Drawing.Bitmap.
</summary>
</member><member name="P:recibos.My.Resources.Resources._1358748164_document_new">
	<summary>
  Busca un recurso adaptado de tipo System.Drawing.Bitmap.
</summary>
</member><member name="P:recibos.My.Resources.Resources._1358748238_button_cancel">
	<summary>
  Busca un recurso adaptado de tipo System.Drawing.Bitmap.
</summary>
</member><member name="P:recibos.My.Resources.Resources._1358748424_shutdown">
	<summary>
  Busca un recurso adaptado de tipo System.Drawing.Bitmap.
</summary>
</member><member name="P:recibos.My.Resources.Resources._1359875971_folder_search">
	<summary>
  Busca un recurso adaptado de tipo System.Drawing.Bitmap.
</summary>
</member><member name="P:recibos.My.Resources.Resources._1359876031_folder_search">
	<summary>
  Busca un recurso adaptado de tipo System.Drawing.Bitmap.
</summary>
</member><member name="P:recibos.My.Resources.Resources._1361007999_document_new">
	<summary>
  Busca un recurso adaptado de tipo System.Drawing.Bitmap.
</summary>
</member><member name="P:recibos.My.Resources.Resources._1361008137_export_excel">
	<summary>
  Busca un recurso adaptado de tipo System.Drawing.Bitmap.
</summary>
</member><member name="P:recibos.My.Resources.Resources._1361008510_save_diskette_floppy_disk">
	<summary>
  Busca un recurso adaptado de tipo System.Drawing.Bitmap.
</summary>
</member><member name="P:recibos.My.Resources.Resources._1361008659_cancel">
	<summary>
  Busca un recurso adaptado de tipo System.Drawing.Bitmap.
</summary>
</member><member name="P:recibos.My.Resources.Resources._1361008917_shutdown">
	<summary>
  Busca un recurso adaptado de tipo System.Drawing.Bitmap.
</summary>
</member><member name="P:recibos.My.Resources.Resources._1361155112_ok_green">
	<summary>
  Busca un recurso adaptado de tipo System.Drawing.Bitmap.
</summary>
</member><member name="P:recibos.My.Resources.Resources._1361622577_find">
	<summary>
  Busca un recurso adaptado de tipo System.Drawing.Bitmap.
</summary>
</member><member name="P:recibos.My.Resources.Resources._1428662_70548557">
	<summary>
  Busca un recurso adaptado de tipo System.Drawing.Bitmap.
</summary>
</member><member name="P:recibos.My.Resources.Resources.bloggif_5aa81d204bc8d">
	<summary>
  Busca un recurso adaptado de tipo System.Drawing.Bitmap.
</summary>
</member><member name="P:recibos.My.Resources.Resources.cubo_de_basura">
	<summary>
  Busca un recurso adaptado de tipo System.Drawing.Bitmap.
</summary>
</member><member name="P:recibos.My.Resources.Resources.GF1">
	<summary>
  Busca un recurso adaptado de tipo System.Drawing.Bitmap.
</summary>
</member><member name="P:recibos.My.Resources.Resources.GF3">
	<summary>
  Busca un recurso adaptado de tipo System.Drawing.Bitmap.
</summary>
</member><member name="P:recibos.My.Resources.Resources.if_General_Office_01_2530843">
	<summary>
  Busca un recurso adaptado de tipo System.Drawing.Bitmap.
</summary>
</member><member name="P:recibos.My.Resources.Resources.insert_text">
	<summary>
  Busca un recurso adaptado de tipo System.Drawing.Bitmap.
</summary>
</member><member name="P:recibos.My.Resources.Resources.material_escolar">
	<summary>
  Busca un recurso adaptado de tipo System.Drawing.Bitmap.
</summary>
</member><member name="T:recibos.My.Resources.Resources">
	<summary>
  Clase de recurso fuertemente tipado, para buscar cadenas traducidas, etc.
</summary>
</member>
</members>
</doc>